{
    "linear_min": 2.000205086005735e-06,
    "linear_max": 198.40267944335938,
    "db_mean": -37.83061599731445,
    "db_std": 10.90169906616211
}